{
  "parameters": {
    "grid_size": 100,
    "core_radius": 15,
    "surface_thickness": 5,
    "num_ru1": 30,
    "num_ru2": 30,
    "min_o2": 10,
    "max_o2": 200,
    "o2_steps": 10,
    "steps": 600,
    "excited_lifetime": 30,
    "quenching_radius": 1.8,
    "o2_prob_max": 0.98,
    "o2_prob_min": 0.1,
    "density_steepness": 0.3,
    "excitation_prob": 1.0,
    "save_path": "simulation_results"
  },
  "timestamp": "2025-04-21T16:37:55.425378",
  "data": {
    "o2_counts": [
      3,
      24,
      45,
      65,
      71,
      102,
      111,
      110,
      137,
      161
    ],
    "ru1_qy_values": [
      0.954983922829582,
      0.35511363636363635,
      0.22734334541688245,
      0.08993946382242721,
      0.10630048465266559,
      0.060704355885078776,
      0.040985221674876844,
      0.043775100401606426,
      0.02917453234940793,
      0.028647686832740212
    ],
    "ru2_qy_values": [
      0.547550432276657,
      0.06706562113082955,
      0.05714842988102204,
      0.04334677419354839,
      0.040237467018469655,
      0.0053142134120624206,
      0.005990741581192702,
      0.010656309132556519,
      0.004509305566942691,
      0.0033011272141706925
    ]
  }
}